<?xml version="1.0" encoding="UTF-8"?><AttachedDocument xmlns="urn:oasis:names:specification:ubl:schema:xsd:AttachedDocument-2" xmlns:ds="http://www.w3.org/2000/09/xmldsig#" xmlns:cac="urn:oasis:names:specification:ubl:schema:xsd:CommonAggregateComponents-2" xmlns:cbc="urn:oasis:names:specification:ubl:schema:xsd:CommonBasicComponents-2" xmlns:ccts="urn:un:unece:uncefact:data:specification:CoreComponentTypeSchemaModule:2" xmlns:ext="urn:oasis:names:specification:ubl:schema:xsd:CommonExtensionComponents-2" xmlns:xades="http://uri.etsi.org/01903/v1.3.2#" xmlns:xades141="http://uri.etsi.org/01903/v1.4.1#"><cbc:UBLVersionID>UBL 2.1</cbc:UBLVersionID><cbc:CustomizationID>01</cbc:CustomizationID><cbc:ProfileID>DIAN 2.1</cbc:ProfileID><cbc:ProfileExecutionID>1</cbc:ProfileExecutionID><cbc:ID>1</cbc:ID><cbc:IssueDate>2021-07-23</cbc:IssueDate><cbc:IssueTime>17:04:27-05:00</cbc:IssueTime><cbc:DocumentType>Contenedor de Factura Electrónica</cbc:DocumentType><cbc:ParentDocumentID>KSNR3590373</cbc:ParentDocumentID><cac:SenderParty><cac:PartyTaxScheme><cbc:RegistrationName>KUSHKI COLOMBIA SAS</cbc:RegistrationName><cbc:CompanyID schemeAgencyID="195" schemeID="4" schemeName="13">901000330</cbc:CompanyID><cbc:TaxLevelCode listName="48">R-99-PN</cbc:TaxLevelCode><cac:TaxScheme><cbc:ID>01</cbc:ID><cbc:Name>IVA</cbc:Name></cac:TaxScheme></cac:PartyTaxScheme></cac:SenderParty><cac:ReceiverParty><cac:PartyTaxScheme><cbc:RegistrationName>ELSA YOLANDA ROJAS</cbc:RegistrationName><cbc:CompanyID schemeAgencyID="195" schemeID="" schemeName="13">51615676</cbc:CompanyID><cac:TaxScheme><cbc:ID>01</cbc:ID><cbc:Name>IVA</cbc:Name></cac:TaxScheme></cac:PartyTaxScheme></cac:ReceiverParty><cac:Attachment><cac:ExternalReference><cbc:MimeCode>text/xml</cbc:MimeCode><cbc:EncodingCode>UTF-8</cbc:EncodingCode><cbc:Description><![CDATA[<?xml version="1.0" encoding="UTF-8" standalone="no"?><Invoice xmlns="urn:oasis:names:specification:ubl:schema:xsd:Invoice-2" xmlns:cac="urn:oasis:names:specification:ubl:schema:xsd:CommonAggregateComponents-2" xmlns:cbc="urn:oasis:names:specification:ubl:schema:xsd:CommonBasicComponents-2" xmlns:ds="http://www.w3.org/2000/09/xmldsig#" xmlns:ext="urn:oasis:names:specification:ubl:schema:xsd:CommonExtensionComponents-2" xmlns:sts="dian:gov:co:facturaelectronica:Structures-2-1" xmlns:xades="http://uri.etsi.org/01903/v1.3.2#" xmlns:xades141="http://uri.etsi.org/01903/v1.4.1#" xmlns:xsi="http://www.w3.org/2001/XMLSchema-instance" xsi:schemaLocation="urn:oasis:names:specification:ubl:schema:xsd:Invoice-2 http://docs.oasis-open.org/ubl/os-UBL-2.1/xsd/maindoc/UBL-Invoice-2.1.xsd">
  <ext:UBLExtensions>
    <ext:UBLExtension>
      <ext:ExtensionContent>
        <sts:DianExtensions>
          <sts:InvoiceControl>
            <sts:InvoiceAuthorization>18764007595140</sts:InvoiceAuthorization>
            <sts:AuthorizationPeriod>
              <cbc:StartDate>2020-11-17</cbc:StartDate>
              <cbc:EndDate>2021-11-17</cbc:EndDate>
            </sts:AuthorizationPeriod>
            <sts:AuthorizedInvoices>
              <sts:Prefix>KSNR</sts:Prefix>
              <sts:From>2500001</sts:From>
              <sts:To>4000000</sts:To>
            </sts:AuthorizedInvoices>
          </sts:InvoiceControl>
          <sts:InvoiceSource>
            <cbc:IdentificationCode listAgencyID="6" listAgencyName="United Nations Economic Commission for Europe" listSchemeURI="urn:oasis:names:specification:ubl:codelist:gc:CountryIdentificationCode-2.1">CO</cbc:IdentificationCode>
          </sts:InvoiceSource>
          <sts:SoftwareProvider>
            <sts:ProviderID schemeAgencyID="195" schemeAgencyName="CO, DIAN (Dirección de Impuestos y Aduanas Nacionales)" schemeID="6" schemeName="31">900984424</sts:ProviderID>
            <sts:SoftwareID schemeAgencyID="195" schemeAgencyName="CO, DIAN (Dirección de Impuestos y Aduanas Nacionales)">dcb7274d-f51c-4d0b-b9d6-381e586218a8</sts:SoftwareID>
          </sts:SoftwareProvider>
          <sts:SoftwareSecurityCode schemeAgencyID="195" schemeAgencyName="CO, DIAN (Dirección de Impuestos y Aduanas Nacionales)">b6897bfd536dc53b1ac3ea00bc1d31f5feb87f4ecb57520939cb458dd38a7c0e2725315b35a86807c7ee774271972e97</sts:SoftwareSecurityCode>
          <sts:AuthorizationProvider>
            <sts:AuthorizationProviderID schemeAgencyID="195" schemeAgencyName="CO, DIAN (Dirección de Impuestos y Aduanas Nacionales)" schemeID="4" schemeName="31">800197268</sts:AuthorizationProviderID>
          </sts:AuthorizationProvider>
          <sts:QRCode>https://catalogo-vpfe.dian.gov.co/document/searchqr?documentkey=b7370ac72aaa1a8acff73a1944ff460db4d82e2a1b8377a7f07275f3c3bebeac845ebc9bcee49e3ffb97b4bf812bb3dd</sts:QRCode>
        </sts:DianExtensions>
      </ext:ExtensionContent>
    </ext:UBLExtension>
  <ext:UBLExtension><ext:ExtensionContent><ds:Signature Id="xmldsig-dbc5b83e-dc38-4696-a1ee-d408d854e2f7">
<ds:SignedInfo>
<ds:CanonicalizationMethod Algorithm="http://www.w3.org/TR/2001/REC-xml-c14n-20010315"/>
<ds:SignatureMethod Algorithm="http://www.w3.org/2001/04/xmldsig-more#rsa-sha256"/>
<ds:Reference Id="xmldsig-dbc5b83e-dc38-4696-a1ee-d408d854e2f7-ref0" URI="">
<ds:Transforms>
<ds:Transform Algorithm="http://www.w3.org/2000/09/xmldsig#enveloped-signature"/>
</ds:Transforms>
<ds:DigestMethod Algorithm="http://www.w3.org/2001/04/xmlenc#sha256"/>
<ds:DigestValue>Iz1HjyIkBxmjyqxv6cJgifl9+pmW1oop7E1vVzo1rls=</ds:DigestValue>
</ds:Reference>
<ds:Reference Type="http://uri.etsi.org/01903#SignedProperties" URI="#xmldsig-dbc5b83e-dc38-4696-a1ee-d408d854e2f7-signedprops">
<ds:Transforms>
<ds:Transform Algorithm="http://www.w3.org/TR/2001/REC-xml-c14n-20010315"/>
</ds:Transforms>
<ds:DigestMethod Algorithm="http://www.w3.org/2001/04/xmlenc#sha256"/>
<ds:DigestValue>2bms5G+Mq0iTLvtX1TU5zIxfhTFOf7Vm+5BIeI8zfno=</ds:DigestValue>
</ds:Reference>
</ds:SignedInfo>
<ds:SignatureValue Id="xmldsig-dbc5b83e-dc38-4696-a1ee-d408d854e2f7-sigvalue">
YmQ7QTkA4DWfKaRPo9LjhsSnVPVzIKpxkCijdmtR9rbYKqgBj+RzwgAPhu5LhC12jiufAGoeUdAI&#13;
OSv01fTfg7b2gup7l+o7q69yfHcGjCLBRABHFirBTsLXML0axs0zsFkmKtlBJp/rfosYmvF8Um+C&#13;
CzyFTP7DFU+HtM8+f20/y3gzLCIa7fmx7YiFWpc0YsIvpvnk4IucbJzJW5/SEXQrxaLEJSngOsHV&#13;
l43U/zxAgP7LzASdWYda6OURcJr6gw6d1Y9uYyYLrtrcbzM3QO4urz02LqJc0mWtKGECC2n7f1Vj&#13;
0GXyZ1D19M5qLeS1Nuf6tfbhQRp152L6bElLPQ==
</ds:SignatureValue>
<ds:KeyInfo>
<ds:X509Data>
<ds:X509Certificate>
MIIG1TCCBb2gAwIBAgIQLnRpNhi6Gotfa8jRXxhAyzANBgkqhkiG9w0BAQsFADCBqDEcMBoGA1UE&#13;
CQwTd3d3LmNlcnRpY2FtYXJhLmNvbTEPMA0GA1UEBwwGQk9HT1RBMRkwFwYDVQQIDBBESVNUUklU&#13;
TyBDQVBJVEFMMQswCQYDVQQGEwJDTzEYMBYGA1UECwwPTklUIDgzMDA4NDQzMy03MRgwFgYDVQQK&#13;
DA9DRVJUSUNBTUFSQSBTLkExGzAZBgNVBAMMEkFDIFNVQiBDRVJUSUNBTUFSQTAgFw0yMDA5MjMy&#13;
MjE0NDFaGA8yMDIxMDkyMzIyMTQzOVowgdwxFDASBgNVBAgMC0JPR09UQSBELkMuMQ4wDAYDVQQL&#13;
DAVPVFJPUzEQMA4GA1UEBRMHMTI0NDM2NzEaMBgGCisGAQQBgbVjAgMTCjkwMDk4NDQyNDYxGjAY&#13;
BgNVBAoMEUVTRElOQU1JQ08gUy5BLlMuMRQwEgYDVQQHDAtCT0dPVEEgRC5DLjErMCkGCSqGSIb3&#13;
DQEJARYcSVNNQVJZLkxBUkFARVNUVVBFTkRPLkNPTS5DTzELMAkGA1UEBhMCQ08xGjAYBgNVBAMM&#13;
EUVTRElOQU1JQ08gUy5BLlMuMIIBIDANBgkqhkiG9w0BAQEFAAOCAQ0AMIIBCAKCAQEAmi+FoK1W&#13;
dMBRIXgz08psXf5VFpn8yvpeOGvsCzKyeKaT+O+dbV9KjLXaI9oKuAd4CbHEMi2xc/cSqygGNbIT&#13;
YbYZhB1XwCCszp3O7b1tv4+I95tfwyJa8iO3fbSkj1i+P17RBzK4lzTYAkkcvRxAVL4YshIxMQJz&#13;
mihlxZkx+KrAa3GuUelxE/aOlgMD3RqJSG18zUvaHWY7Q59Ctdl5id8wFJcIu/JDEWgRIqpDHxaw&#13;
0+RITlEzwDuSAprq7nPXPyuXnGgFRaK/0BO3rMELN68akGIbOjw6HgJJVU3Ihr5e0Fkx8PmivDXD&#13;
Zia4/Pfd7ls5N6liVqLbMuDTvLydgQIBA6OCAsMwggK/MDYGCCsGAQUFBwEBBCowKDAmBggrBgEF&#13;
BQcwAYYaaHR0cDovL29jc3AuY2VydGljYW1hcmEuY28wJwYDVR0RBCAwHoEcSVNNQVJZLkxBUkFA&#13;
RVNUVVBFTkRPLkNPTS5DTzCB5wYDVR0gBIHfMIHcMIGZBgsrBgEEAYG1YzIBCDCBiTArBggrBgEF&#13;
BQcCARYfaHR0cDovL3d3dy5jZXJ0aWNhbWFyYS5jb20vZHBjLzBaBggrBgEFBQcCAjBOGkxMaW1p&#13;
dGFjaW9uZXMgZGUgZ2FyYW507WFzIGRlIGVzdGUgY2VydGlmaWNhZG8gc2UgcHVlZGVuIGVuY29u&#13;
dHJhciBlbiBsYSBEUEMuMD4GCysGAQQBgbVjCgoBMC8wLQYIKwYBBQUHAgIwIRofRGlzcG9zaXRp&#13;
dm8gZGUgaGFyZHdhcmUgKFRva2VuKTAMBgNVHRMBAf8EAjAAMA4GA1UdDwEB/wQEAwID+DAnBgNV&#13;
HSUEIDAeBggrBgEFBQcDAQYIKwYBBQUHAwIGCCsGAQUFBwMEMB0GA1UdDgQWBBSdueNa/4zbuRyk&#13;
mNExFmr7r+JuoTAfBgNVHSMEGDAWgBSAccwyklh19AMhOqu+HNOP8iAV7TARBglghkgBhvhCAQEE&#13;
BAMCBaAwgdcGA1UdHwSBzzCBzDCByaCBxqCBw4ZeaHR0cDovL3d3dy5jZXJ0aWNhbWFyYS5jb20v&#13;
cmVwb3NpdG9yaW9yZXZvY2FjaW9uZXMvYWNfc3Vib3JkaW5hZGFfY2VydGljYW1hcmFfMjAxNC5j&#13;
cmw/Y3JsPWNybIZhaHR0cDovL21pcnJvci5jZXJ0aWNhbWFyYS5jb20vcmVwb3NpdG9yaW9yZXZv&#13;
Y2FjaW9uZXMvYWNfc3Vib3JkaW5hZGFfY2VydGljYW1hcmFfMjAxNC5jcmw/Y3JsPWNybDANBgkq&#13;
hkiG9w0BAQsFAAOCAQEADtT8eYa/0iuRt/TlOqOBem4bsVqjdvtom6McnqahxuZkXnIs6W81gzoJ&#13;
zjt584xHpJVcT9ej76SGGpr3b/+7VelvfqR5rZFYVfJx57yZsxMiywCbieVK0pgsA+B+y63fYH0g&#13;
cStJQzOfx6TtXFws7RVd8egVzVBld9IUj69aKHSTxq21D11oaBgjaIJzcPtdYvTcS1VtlUNaIUrH&#13;
Coa+3O8hk86fkpNCklnOAv7IpwEBfQgxx0UOyj5HWZJkK7RPvWjm07PPmzK5pmtKlpFmOHkmcSrS&#13;
J2ZRoKpzHzC3sKDbgn5/Zx2H2zkk+YcK0NKN27UQcTICvvasFqNVomlBkA==
</ds:X509Certificate>
<ds:X509IssuerSerial>
<ds:X509IssuerName>cn=AC SUB CERTICAMARA,o=CERTICAMARA S.A,ou=NIT 830084433-7,c=CO,st=DISTRITO CAPITAL,l=BOGOTA,street=www.certicamara.com</ds:X509IssuerName>
<ds:X509SerialNumber>61748928180677955144815800449817395403</ds:X509SerialNumber>
</ds:X509IssuerSerial>
<ds:X509SubjectName>cn=ESDINAMICO S.A.S.,c=CO,1.2.840.113549.1.9.1=ISMARY.LARA@ESTUPENDO.COM.CO,l=BOGOTA D.C.,o=ESDINAMICO S.A.S.,1.3.6.1.4.1.23267.2.3=9009844246,serialNumber=1244367,ou=OTROS,st=BOGOTA D.C.</ds:X509SubjectName>
</ds:X509Data>
</ds:KeyInfo>
<ds:Object><xades:QualifyingProperties Target="#xmldsig-dbc5b83e-dc38-4696-a1ee-d408d854e2f7"><xades:SignedProperties Id="xmldsig-dbc5b83e-dc38-4696-a1ee-d408d854e2f7-signedprops"><xades:SignedSignatureProperties><xades:SigningTime>2021-07-23T17:04:26.398-05:00</xades:SigningTime><xades:SigningCertificate><xades:Cert><xades:CertDigest><ds:DigestMethod Algorithm="http://www.w3.org/2001/04/xmlenc#sha256"/><ds:DigestValue>bP8mRvyI5rVeGGszbvEzxyWUvMI2/+aqhdc2LRAoY9c=</ds:DigestValue></xades:CertDigest><xades:IssuerSerial><ds:X509IssuerName>cn=AC SUB CERTICAMARA,o=CERTICAMARA S.A,ou=NIT 830084433-7,c=CO,st=DISTRITO CAPITAL,l=BOGOTA,street=www.certicamara.com</ds:X509IssuerName><ds:X509SerialNumber>61748928180677955144815800449817395403</ds:X509SerialNumber></xades:IssuerSerial></xades:Cert></xades:SigningCertificate><xades:SignaturePolicyIdentifier><xades:SignaturePolicyId><xades:SigPolicyId><xades:Identifier>https://facturaelectronica.dian.gov.co/anexotecnico/modelovalidacionprevia/politicadefirma.pdf</xades:Identifier><xades:Description>Política de firma para facturas electrónicas de la República de Colombia</xades:Description></xades:SigPolicyId><xades:SigPolicyHash><ds:DigestMethod Algorithm="http://www.w3.org/2001/04/xmlenc#sha256"/><ds:DigestValue>dMoMvtcG5aIzgYo0tIsSQeVJBDnUnfSOfBpxXrmor0Y=</ds:DigestValue></xades:SigPolicyHash></xades:SignaturePolicyId></xades:SignaturePolicyIdentifier><xades:SignerRole><xades:ClaimedRoles><xades:ClaimedRole>third party</xades:ClaimedRole></xades:ClaimedRoles></xades:SignerRole></xades:SignedSignatureProperties></xades:SignedProperties></xades:QualifyingProperties></ds:Object>
</ds:Signature></ext:ExtensionContent></ext:UBLExtension></ext:UBLExtensions>
  <cbc:UBLVersionID>UBL 2.1</cbc:UBLVersionID>
  <cbc:CustomizationID>10</cbc:CustomizationID>
  <cbc:ProfileID>DIAN 2.1</cbc:ProfileID>
  <cbc:ProfileExecutionID>1</cbc:ProfileExecutionID>
  <cbc:ID>KSNR3590373</cbc:ID>
  <cbc:UUID schemeID="1" schemeName="CUFE-SHA384">b7370ac72aaa1a8acff73a1944ff460db4d82e2a1b8377a7f07275f3c3bebeac845ebc9bcee49e3ffb97b4bf812bb3dd</cbc:UUID>
  <cbc:IssueDate>2021-07-23</cbc:IssueDate>
  <cbc:IssueTime>22:04:25-05:00</cbc:IssueTime>
  <cbc:InvoiceTypeCode>01</cbc:InvoiceTypeCode>
  <cbc:Note/><cbc:Note>Proveedor Tecnológico Autorizado: ESTUPENDO S.A.S.; NIT: 900984424-6</cbc:Note>
  <cbc:DocumentCurrencyCode>COP</cbc:DocumentCurrencyCode>
  <cbc:LineCountNumeric>2</cbc:LineCountNumeric>
  <cac:AccountingSupplierParty>
    <cbc:AdditionalAccountID>1</cbc:AdditionalAccountID>
    <cac:Party>
      <cbc:IndustryClassificationCode>6312</cbc:IndustryClassificationCode>
      <cac:PartyName>
        <cbc:Name>Kushki Colombia S.A.S</cbc:Name>
      </cac:PartyName>
      <cac:PhysicalLocation>
        <cac:Address>
          <cbc:ID>11001</cbc:ID>
          <cbc:CityName>Bogotá, D.C.</cbc:CityName>
          <cbc:PostalZone>111821</cbc:PostalZone>
          <cbc:CountrySubentity>Bogotá, D.C.</cbc:CountrySubentity>
          <cbc:CountrySubentityCode>11</cbc:CountrySubentityCode>
          <cac:AddressLine>
            <cbc:Line>Calle 80 No 11 42 oficina 502</cbc:Line>
          </cac:AddressLine>
          <cac:Country>
            <cbc:IdentificationCode>CO</cbc:IdentificationCode>
            <cbc:Name languageID="es">Colombia</cbc:Name>
          </cac:Country>
        </cac:Address>
      </cac:PhysicalLocation>
      <cac:PartyTaxScheme>
        <cbc:RegistrationName>Kushki Colombia S.A.S</cbc:RegistrationName>
        <cbc:CompanyID schemeAgencyID="195" schemeAgencyName="CO, DIAN (Dirección de Impuestos y Aduanas Nacionales)" schemeID="4" schemeName="31">901000330</cbc:CompanyID>
        <cbc:TaxLevelCode listName="48">R-99-PN</cbc:TaxLevelCode>
        <cac:RegistrationAddress>
          <cbc:ID>11001</cbc:ID>
          <cbc:CityName>Bogotá, D.C.</cbc:CityName>
          <cbc:PostalZone>111821</cbc:PostalZone>
          <cbc:CountrySubentity>Bogotá, D.C.</cbc:CountrySubentity>
          <cbc:CountrySubentityCode>11</cbc:CountrySubentityCode>
          <cac:AddressLine>
            <cbc:Line>Calle 80 No 11 42 oficina 502</cbc:Line>
          </cac:AddressLine>
          <cac:Country>
            <cbc:IdentificationCode>CO</cbc:IdentificationCode>
            <cbc:Name languageID="es">Colombia</cbc:Name>
          </cac:Country>
        </cac:RegistrationAddress>
        <cac:TaxScheme>
          <cbc:ID>01</cbc:ID>
          <cbc:Name>IVA</cbc:Name>
        </cac:TaxScheme>
      </cac:PartyTaxScheme>
      <cac:PartyLegalEntity>
        <cbc:RegistrationName>Kushki Colombia S.A.S</cbc:RegistrationName>
        <cbc:CompanyID schemeAgencyID="195" schemeAgencyName="CO, DIAN (Dirección de Impuestos y Aduanas Nacionales)" schemeID="4" schemeName="31">901000330</cbc:CompanyID>
        <cac:CorporateRegistrationScheme>
          <cbc:ID>KSNR</cbc:ID>
        </cac:CorporateRegistrationScheme>
      </cac:PartyLegalEntity>
      <cac:Contact>
        <cbc:Telephone>5188170</cbc:Telephone>
        <cbc:ElectronicMail>facturacioncontigencia@kushkipagos.com</cbc:ElectronicMail>
      </cac:Contact>
    </cac:Party>
  </cac:AccountingSupplierParty>
  <cac:AccountingCustomerParty>
    <cbc:AdditionalAccountID>2</cbc:AdditionalAccountID>
    <cac:Party>
      <cac:PartyIdentification>
        <cbc:ID schemeName="13">51615676</cbc:ID>
      </cac:PartyIdentification>
      <cac:PartyName>
        <cbc:Name>Elsa Yolanda Rojas</cbc:Name>
      </cac:PartyName>
      <cac:PhysicalLocation>
        <cac:Address>
          <cbc:ID>11001</cbc:ID>
          <cbc:CityName>BOGOTÁ D.C.</cbc:CityName>
          <cbc:PostalZone>000000</cbc:PostalZone>
          <cbc:CountrySubentity>Bogotá D.C.</cbc:CountrySubentity>
          <cbc:CountrySubentityCode>11</cbc:CountrySubentityCode>
          <cac:AddressLine>
            <cbc:Line>Cll 80 Nro. 11-42</cbc:Line>
          </cac:AddressLine>
          <cac:Country>
            <cbc:IdentificationCode>CO</cbc:IdentificationCode>
            <cbc:Name languageID="es">Colombia</cbc:Name>
          </cac:Country>
        </cac:Address>
      </cac:PhysicalLocation>
      <cac:PartyTaxScheme>
        <cbc:RegistrationName>Elsa Yolanda Rojas</cbc:RegistrationName>
        <cbc:CompanyID schemeAgencyID="195" schemeAgencyName="CO, DIAN (Dirección de Impuestos y Aduanas Nacionales)" schemeID="0" schemeName="13">51615676</cbc:CompanyID>
        <cac:RegistrationAddress>
          <cbc:ID>11001</cbc:ID>
          <cbc:CityName>BOGOTÁ D.C.</cbc:CityName>
          <cbc:PostalZone>000000</cbc:PostalZone>
          <cbc:CountrySubentity>Bogotá D.C.</cbc:CountrySubentity>
          <cbc:CountrySubentityCode>11</cbc:CountrySubentityCode>
          <cac:AddressLine>
            <cbc:Line>Cll 80 Nro. 11-42</cbc:Line>
          </cac:AddressLine>
          <cac:Country>
            <cbc:IdentificationCode>CO</cbc:IdentificationCode>
          </cac:Country>
        </cac:RegistrationAddress>
        <cac:TaxScheme>
          <cbc:ID>01</cbc:ID>
          <cbc:Name>IVA</cbc:Name>
        </cac:TaxScheme>
      </cac:PartyTaxScheme>
      <cac:PartyLegalEntity>
        <cbc:RegistrationName>Elsa Yolanda Rojas</cbc:RegistrationName>
        <cbc:CompanyID schemeAgencyID="195" schemeAgencyName="CO, DIAN (Dirección de Impuestos y Aduanas Nacionales)" schemeID="0" schemeName="13">51615676</cbc:CompanyID>
      </cac:PartyLegalEntity>
      <cac:Contact>
        <cbc:Telephone/>
        <cbc:ElectronicMail>diegomoya86@gmail.com</cbc:ElectronicMail>
      </cac:Contact>
    </cac:Party>
  </cac:AccountingCustomerParty>
  <cac:PaymentMeans>
    <cbc:ID>1</cbc:ID>
    <cbc:PaymentMeansCode>1</cbc:PaymentMeansCode>
    <cbc:PaymentDueDate>2021-08-02</cbc:PaymentDueDate>
  </cac:PaymentMeans>
  <cac:TaxTotal>
    <cbc:TaxAmount currencyID="COP">1053.78</cbc:TaxAmount>
    <cac:TaxSubtotal>
      <cbc:TaxableAmount currencyID="COP">16100</cbc:TaxableAmount>
      <cbc:TaxAmount currencyID="COP">0</cbc:TaxAmount>
      <cac:TaxCategory>
        <cbc:Percent>0</cbc:Percent>
        <cac:TaxScheme>
          <cbc:ID>01</cbc:ID>
          <cbc:Name>IVA</cbc:Name>
        </cac:TaxScheme>
      </cac:TaxCategory>
    </cac:TaxSubtotal>
    <cac:TaxSubtotal>
      <cbc:TaxableAmount currencyID="COP">5546.22</cbc:TaxableAmount>
      <cbc:TaxAmount currencyID="COP">1053.78</cbc:TaxAmount>
      <cac:TaxCategory>
        <cbc:Percent>19</cbc:Percent>
        <cac:TaxScheme>
          <cbc:ID>01</cbc:ID>
          <cbc:Name>IVA</cbc:Name>
        </cac:TaxScheme>
      </cac:TaxCategory>
    </cac:TaxSubtotal>
  </cac:TaxTotal>
  <cac:LegalMonetaryTotal>
    <cbc:LineExtensionAmount currencyID="COP">21646.22</cbc:LineExtensionAmount>
    <cbc:TaxExclusiveAmount currencyID="COP">21646.22</cbc:TaxExclusiveAmount>
    <cbc:TaxInclusiveAmount currencyID="COP">22700</cbc:TaxInclusiveAmount>
    <cbc:AllowanceTotalAmount currencyID="COP">0.00</cbc:AllowanceTotalAmount>
    <cbc:ChargeTotalAmount currencyID="COP">0.00</cbc:ChargeTotalAmount>
    <cbc:PayableAmount currencyID="COP">22700</cbc:PayableAmount>
  </cac:LegalMonetaryTotal>
  <cac:InvoiceLine>
    <cbc:ID>1</cbc:ID>
    <cbc:UUID>product1</cbc:UUID>
    <cbc:InvoicedQuantity>1</cbc:InvoicedQuantity>
    <cbc:LineExtensionAmount currencyID="COP">16100</cbc:LineExtensionAmount>
    <cac:TaxTotal>
      <cbc:TaxAmount currencyID="COP">0</cbc:TaxAmount>
      <cac:TaxSubtotal>
        <cbc:TaxableAmount currencyID="COP">16100</cbc:TaxableAmount>
        <cbc:TaxAmount currencyID="COP">0</cbc:TaxAmount>
        <cac:TaxCategory>
          <cbc:Percent>0</cbc:Percent>
          <cac:TaxScheme>
            <cbc:ID>01</cbc:ID>
            <cbc:Name>IVA</cbc:Name>
          </cac:TaxScheme>
        </cac:TaxCategory>
      </cac:TaxSubtotal>
    </cac:TaxTotal>
    <cac:Item>
      <cbc:Description>GENERACIÓN CERTIFICADO SNR</cbc:Description>
      <cac:SellersItemIdentification>
        <cbc:ID>SNR</cbc:ID>
      </cac:SellersItemIdentification>
      <cac:StandardItemIdentification>
        <cbc:ID schemeID="999">SNR</cbc:ID>
      </cac:StandardItemIdentification>
    </cac:Item>
    <cac:Price>
      <cbc:PriceAmount currencyID="COP">16100</cbc:PriceAmount>
      <cbc:BaseQuantity unitCode="EA">1</cbc:BaseQuantity>
    </cac:Price>
  </cac:InvoiceLine>
  <cac:InvoiceLine>
    <cbc:ID>2</cbc:ID>
    <cbc:UUID>product2</cbc:UUID>
    <cbc:InvoicedQuantity>1</cbc:InvoicedQuantity>
    <cbc:LineExtensionAmount currencyID="COP">5546.22</cbc:LineExtensionAmount>
    <cac:TaxTotal>
      <cbc:TaxAmount currencyID="COP">1053.78</cbc:TaxAmount>
      <cac:TaxSubtotal>
        <cbc:TaxableAmount currencyID="COP">5546.22</cbc:TaxableAmount>
        <cbc:TaxAmount currencyID="COP">1053.78</cbc:TaxAmount>
        <cac:TaxCategory>
          <cbc:Percent>19</cbc:Percent>
          <cac:TaxScheme>
            <cbc:ID>01</cbc:ID>
            <cbc:Name>IVA</cbc:Name>
          </cac:TaxScheme>
        </cac:TaxCategory>
      </cac:TaxSubtotal>
    </cac:TaxTotal>
    <cac:Item>
      <cbc:Description>SERVICIO GENERACIÓN CERTIFICADO SNR</cbc:Description>
      <cac:SellersItemIdentification>
        <cbc:ID>SNR</cbc:ID>
      </cac:SellersItemIdentification>
      <cac:StandardItemIdentification>
        <cbc:ID schemeID="999">SNR</cbc:ID>
      </cac:StandardItemIdentification>
    </cac:Item>
    <cac:Price>
      <cbc:PriceAmount currencyID="COP">5546.22</cbc:PriceAmount>
      <cbc:BaseQuantity unitCode="EA">1</cbc:BaseQuantity>
    </cac:Price>
  </cac:InvoiceLine>
</Invoice>]]></cbc:Description></cac:ExternalReference></cac:Attachment><cac:ParentDocumentLineReference><cbc:LineID>1</cbc:LineID><cac:DocumentReference><cbc:ID>KSNR3590373</cbc:ID><cbc:UUID schemeName="CUFE-SHA384">b7370ac72aaa1a8acff73a1944ff460db4d82e2a1b8377a7f07275f3c3bebeac845ebc9bcee49e3ffb97b4bf812bb3dd</cbc:UUID><cbc:IssueDate>2021-07-23</cbc:IssueDate><cbc:DocumentType>ApplicationResponse</cbc:DocumentType><cac:Attachment><cac:ExternalReference><cbc:MimeCode>text/xml</cbc:MimeCode><cbc:EncodingCode>UTF-8</cbc:EncodingCode><cbc:Description><![CDATA[<?xml version="1.0" encoding="UTF-8" standalone="no"?><ApplicationResponse xmlns="urn:oasis:names:specification:ubl:schema:xsd:ApplicationResponse-2" xmlns:cac="urn:oasis:names:specification:ubl:schema:xsd:CommonAggregateComponents-2" xmlns:cbc="urn:oasis:names:specification:ubl:schema:xsd:CommonBasicComponents-2" xmlns:ds="http://www.w3.org/2000/09/xmldsig#" xmlns:ext="urn:oasis:names:specification:ubl:schema:xsd:CommonExtensionComponents-2" xmlns:sts="dian:gov:co:facturaelectronica:Structures-2-1"><ext:UBLExtensions>
                <ext:UBLExtension>
                    <ext:ExtensionContent>
                        <sts:DianExtensions>
                            <sts:InvoiceSource>
                                <cbc:IdentificationCode listAgencyID="6" listAgencyName="United Nations Economic Commission for Europe" listSchemeURI="urn:oasis:names:specification:ubl:codelist:gc:CountryIdentificationCode-2.1">CO</cbc:IdentificationCode>
                            </sts:InvoiceSource>
                            <sts:SoftwareProvider>
                                <sts:ProviderID schemeAgencyID="195" schemeAgencyName="CO, DIAN (Dirección de Impuestos y Aduanas Nacionales)" schemeID="6" schemeName="31">900984424</sts:ProviderID>
                                <sts:SoftwareID schemeAgencyID="195" schemeAgencyName="CO, DIAN (Dirección de Impuestos y Aduanas Nacionales)">dcb7274d-f51c-4d0b-b9d6-381e586218a8</sts:SoftwareID>
                            </sts:SoftwareProvider>
                            <sts:SoftwareSecurityCode schemeAgencyID="195" schemeAgencyName="CO, DIAN (Dirección de Impuestos y Aduanas Nacionales)">21eb5e6352f706f285f8877ee678278506ed95f5b45702f59487125d4dead52613d5a0fdfdab2768b94957976183a783</sts:SoftwareSecurityCode>
                            <sts:AuthorizationProvider>
                                <sts:AuthorizationProviderID schemeAgencyID="195" schemeAgencyName="CO, DIAN (Dirección de Impuestos y Aduanas Nacionales)" schemeID="4" schemeName="31">800197268</sts:AuthorizationProviderID>
                            </sts:AuthorizationProvider>
                        </sts:DianExtensions>
                    </ext:ExtensionContent>
                </ext:UBLExtension>
            <ext:UBLExtension><ext:ExtensionContent><ds:Signature Id="xmldsig-15831b71-3f66-40cc-8194-9617ceb409f1">
<ds:SignedInfo>
<ds:CanonicalizationMethod Algorithm="http://www.w3.org/TR/2001/REC-xml-c14n-20010315"/>
<ds:SignatureMethod Algorithm="http://www.w3.org/2001/04/xmldsig-more#rsa-sha256"/>
<ds:Reference Id="xmldsig-15831b71-3f66-40cc-8194-9617ceb409f1-ref0" URI="">
<ds:Transforms>
<ds:Transform Algorithm="http://www.w3.org/2000/09/xmldsig#enveloped-signature"/>
</ds:Transforms>
<ds:DigestMethod Algorithm="http://www.w3.org/2001/04/xmlenc#sha256"/>
<ds:DigestValue>A2FDVEDmFUUKto9df9YZ0YVG3cXUNt2kdFwak4u+0Dw=</ds:DigestValue>
</ds:Reference>
<ds:Reference Type="http://uri.etsi.org/01903#SignedProperties" URI="#xmldsig-15831b71-3f66-40cc-8194-9617ceb409f1-signedprops">
<ds:Transforms>
<ds:Transform Algorithm="http://www.w3.org/TR/2001/REC-xml-c14n-20010315"/>
</ds:Transforms>
<ds:DigestMethod Algorithm="http://www.w3.org/2001/04/xmlenc#sha256"/>
<ds:DigestValue>uPqnzBGEQVMX2e+q+APdD5K52ptf2/CLifQ8KwGvTLw=</ds:DigestValue>
</ds:Reference>
</ds:SignedInfo>
<ds:SignatureValue Id="xmldsig-15831b71-3f66-40cc-8194-9617ceb409f1-sigvalue">
fNqk98GIYemKyoClbPfbnk3D75La6aXq8WYyePYPLA2nXNDnHygmndaJ8eOEstcnsy48kLeMaHah&#13;
grAny8/jXIaYW5qF+/7sbtgGb/Dd+/GA7s5LsTDA4dQ+Qsqh+QS/4RRhOiCj4kqX9DrPtCqKoGZ6&#13;
7SO4BlUZ6EykmW8iFxpm05CBhdt3/fu5WN1kDC86F4j03P93mho2V4eH6kuA9Ef/OBymO//Lz5Cp&#13;
FPaiHed6kbLhEp3XzLkTDKSRikAbZ5YJ1mGkIUKWgul4cPfDeaWcesVFPJ6EzHiQtLXKtw1JJigT&#13;
jRH2vf7TY7snrvJI8JRxVXDwen31y6kLbMt49w==
</ds:SignatureValue>
<ds:KeyInfo>
<ds:X509Data>
<ds:X509Certificate>
MIIG1TCCBb2gAwIBAgIQLnRpNhi6Gotfa8jRXxhAyzANBgkqhkiG9w0BAQsFADCBqDEcMBoGA1UE&#13;
CQwTd3d3LmNlcnRpY2FtYXJhLmNvbTEPMA0GA1UEBwwGQk9HT1RBMRkwFwYDVQQIDBBESVNUUklU&#13;
TyBDQVBJVEFMMQswCQYDVQQGEwJDTzEYMBYGA1UECwwPTklUIDgzMDA4NDQzMy03MRgwFgYDVQQK&#13;
DA9DRVJUSUNBTUFSQSBTLkExGzAZBgNVBAMMEkFDIFNVQiBDRVJUSUNBTUFSQTAgFw0yMDA5MjMy&#13;
MjE0NDFaGA8yMDIxMDkyMzIyMTQzOVowgdwxFDASBgNVBAgMC0JPR09UQSBELkMuMQ4wDAYDVQQL&#13;
DAVPVFJPUzEQMA4GA1UEBRMHMTI0NDM2NzEaMBgGCisGAQQBgbVjAgMTCjkwMDk4NDQyNDYxGjAY&#13;
BgNVBAoMEUVTRElOQU1JQ08gUy5BLlMuMRQwEgYDVQQHDAtCT0dPVEEgRC5DLjErMCkGCSqGSIb3&#13;
DQEJARYcSVNNQVJZLkxBUkFARVNUVVBFTkRPLkNPTS5DTzELMAkGA1UEBhMCQ08xGjAYBgNVBAMM&#13;
EUVTRElOQU1JQ08gUy5BLlMuMIIBIDANBgkqhkiG9w0BAQEFAAOCAQ0AMIIBCAKCAQEAmi+FoK1W&#13;
dMBRIXgz08psXf5VFpn8yvpeOGvsCzKyeKaT+O+dbV9KjLXaI9oKuAd4CbHEMi2xc/cSqygGNbIT&#13;
YbYZhB1XwCCszp3O7b1tv4+I95tfwyJa8iO3fbSkj1i+P17RBzK4lzTYAkkcvRxAVL4YshIxMQJz&#13;
mihlxZkx+KrAa3GuUelxE/aOlgMD3RqJSG18zUvaHWY7Q59Ctdl5id8wFJcIu/JDEWgRIqpDHxaw&#13;
0+RITlEzwDuSAprq7nPXPyuXnGgFRaK/0BO3rMELN68akGIbOjw6HgJJVU3Ihr5e0Fkx8PmivDXD&#13;
Zia4/Pfd7ls5N6liVqLbMuDTvLydgQIBA6OCAsMwggK/MDYGCCsGAQUFBwEBBCowKDAmBggrBgEF&#13;
BQcwAYYaaHR0cDovL29jc3AuY2VydGljYW1hcmEuY28wJwYDVR0RBCAwHoEcSVNNQVJZLkxBUkFA&#13;
RVNUVVBFTkRPLkNPTS5DTzCB5wYDVR0gBIHfMIHcMIGZBgsrBgEEAYG1YzIBCDCBiTArBggrBgEF&#13;
BQcCARYfaHR0cDovL3d3dy5jZXJ0aWNhbWFyYS5jb20vZHBjLzBaBggrBgEFBQcCAjBOGkxMaW1p&#13;
dGFjaW9uZXMgZGUgZ2FyYW507WFzIGRlIGVzdGUgY2VydGlmaWNhZG8gc2UgcHVlZGVuIGVuY29u&#13;
dHJhciBlbiBsYSBEUEMuMD4GCysGAQQBgbVjCgoBMC8wLQYIKwYBBQUHAgIwIRofRGlzcG9zaXRp&#13;
dm8gZGUgaGFyZHdhcmUgKFRva2VuKTAMBgNVHRMBAf8EAjAAMA4GA1UdDwEB/wQEAwID+DAnBgNV&#13;
HSUEIDAeBggrBgEFBQcDAQYIKwYBBQUHAwIGCCsGAQUFBwMEMB0GA1UdDgQWBBSdueNa/4zbuRyk&#13;
mNExFmr7r+JuoTAfBgNVHSMEGDAWgBSAccwyklh19AMhOqu+HNOP8iAV7TARBglghkgBhvhCAQEE&#13;
BAMCBaAwgdcGA1UdHwSBzzCBzDCByaCBxqCBw4ZeaHR0cDovL3d3dy5jZXJ0aWNhbWFyYS5jb20v&#13;
cmVwb3NpdG9yaW9yZXZvY2FjaW9uZXMvYWNfc3Vib3JkaW5hZGFfY2VydGljYW1hcmFfMjAxNC5j&#13;
cmw/Y3JsPWNybIZhaHR0cDovL21pcnJvci5jZXJ0aWNhbWFyYS5jb20vcmVwb3NpdG9yaW9yZXZv&#13;
Y2FjaW9uZXMvYWNfc3Vib3JkaW5hZGFfY2VydGljYW1hcmFfMjAxNC5jcmw/Y3JsPWNybDANBgkq&#13;
hkiG9w0BAQsFAAOCAQEADtT8eYa/0iuRt/TlOqOBem4bsVqjdvtom6McnqahxuZkXnIs6W81gzoJ&#13;
zjt584xHpJVcT9ej76SGGpr3b/+7VelvfqR5rZFYVfJx57yZsxMiywCbieVK0pgsA+B+y63fYH0g&#13;
cStJQzOfx6TtXFws7RVd8egVzVBld9IUj69aKHSTxq21D11oaBgjaIJzcPtdYvTcS1VtlUNaIUrH&#13;
Coa+3O8hk86fkpNCklnOAv7IpwEBfQgxx0UOyj5HWZJkK7RPvWjm07PPmzK5pmtKlpFmOHkmcSrS&#13;
J2ZRoKpzHzC3sKDbgn5/Zx2H2zkk+YcK0NKN27UQcTICvvasFqNVomlBkA==
</ds:X509Certificate>
<ds:X509IssuerSerial>
<ds:X509IssuerName>cn=AC SUB CERTICAMARA,o=CERTICAMARA S.A,ou=NIT 830084433-7,c=CO,st=DISTRITO CAPITAL,l=BOGOTA,street=www.certicamara.com</ds:X509IssuerName>
<ds:X509SerialNumber>61748928180677955144815800449817395403</ds:X509SerialNumber>
</ds:X509IssuerSerial>
<ds:X509SubjectName>cn=ESDINAMICO S.A.S.,c=CO,1.2.840.113549.1.9.1=ISMARY.LARA@ESTUPENDO.COM.CO,l=BOGOTA D.C.,o=ESDINAMICO S.A.S.,1.3.6.1.4.1.23267.2.3=9009844246,serialNumber=1244367,ou=OTROS,st=BOGOTA D.C.</ds:X509SubjectName>
</ds:X509Data>
</ds:KeyInfo>
<ds:Object><xades:QualifyingProperties xmlns:xades="http://uri.etsi.org/01903/v1.3.2#" xmlns:xades141="http://uri.etsi.org/01903/v1.4.1#" Target="#xmldsig-15831b71-3f66-40cc-8194-9617ceb409f1"><xades:SignedProperties Id="xmldsig-15831b71-3f66-40cc-8194-9617ceb409f1-signedprops"><xades:SignedSignatureProperties><xades:SigningTime>2021-07-23T17:04:27.903-05:00</xades:SigningTime><xades:SigningCertificate><xades:Cert><xades:CertDigest><ds:DigestMethod Algorithm="http://www.w3.org/2001/04/xmlenc#sha256"/><ds:DigestValue>bP8mRvyI5rVeGGszbvEzxyWUvMI2/+aqhdc2LRAoY9c=</ds:DigestValue></xades:CertDigest><xades:IssuerSerial><ds:X509IssuerName>cn=AC SUB CERTICAMARA,o=CERTICAMARA S.A,ou=NIT 830084433-7,c=CO,st=DISTRITO CAPITAL,l=BOGOTA,street=www.certicamara.com</ds:X509IssuerName><ds:X509SerialNumber>61748928180677955144815800449817395403</ds:X509SerialNumber></xades:IssuerSerial></xades:Cert></xades:SigningCertificate><xades:SignaturePolicyIdentifier><xades:SignaturePolicyId><xades:SigPolicyId><xades:Identifier>https://facturaelectronica.dian.gov.co/anexotecnico/modelovalidacionprevia/politicadefirma.pdf</xades:Identifier><xades:Description>Política de firma para facturas electrónicas de la República de Colombia</xades:Description></xades:SigPolicyId><xades:SigPolicyHash><ds:DigestMethod Algorithm="http://www.w3.org/2001/04/xmlenc#sha256"/><ds:DigestValue>dMoMvtcG5aIzgYo0tIsSQeVJBDnUnfSOfBpxXrmor0Y=</ds:DigestValue></xades:SigPolicyHash></xades:SignaturePolicyId></xades:SignaturePolicyIdentifier><xades:SignerRole><xades:ClaimedRoles><xades:ClaimedRole>third party</xades:ClaimedRole></xades:ClaimedRoles></xades:SignerRole></xades:SignedSignatureProperties></xades:SignedProperties></xades:QualifyingProperties></ds:Object>
</ds:Signature></ext:ExtensionContent></ext:UBLExtension></ext:UBLExtensions><cbc:UBLVersionID>UBL 2.1</cbc:UBLVersionID><cbc:CustomizationID>1</cbc:CustomizationID><cbc:ProfileID>DIAN 2.1: ApplicationResponse de Factura Electrónica de Venta</cbc:ProfileID><cbc:ProfileExecutionID>1</cbc:ProfileExecutionID><cbc:ID>1</cbc:ID>
            <cbc:UUID schemeName="CUDE-SHA384">d4e7d01f62d5f6829410ae7c502e977ed87177631d60b31a89a043006b046ac127b8deb3a97f2fe657fcce4cd789cac2</cbc:UUID><cbc:IssueDate>2021-07-23</cbc:IssueDate><cbc:IssueTime>17:04:27-05:00</cbc:IssueTime><cac:SenderParty><cac:PartyTaxScheme><cbc:RegistrationName>KUSHKI COLOMBIA SAS</cbc:RegistrationName><cbc:CompanyID schemeAgencyID="195" schemeID="4" schemeName="13">901000330</cbc:CompanyID><cac:TaxScheme><cbc:ID>01</cbc:ID><cbc:Name>IVA</cbc:Name></cac:TaxScheme></cac:PartyTaxScheme></cac:SenderParty><cac:ReceiverParty><cac:PartyTaxScheme><cbc:RegistrationName>ELSA YOLANDA ROJAS</cbc:RegistrationName><cbc:CompanyID schemeAgencyID="195" schemeID="" schemeName="13">51615676</cbc:CompanyID><cac:TaxScheme><cbc:ID>01</cbc:ID><cbc:Name>IVA</cbc:Name></cac:TaxScheme></cac:PartyTaxScheme></cac:ReceiverParty><cac:DocumentResponse>
                <cac:Response>
                    <cbc:ResponseCode>02</cbc:ResponseCode>
                    <cbc:Description>Documento validado por la DIAN</cbc:Description>
                </cac:Response>
                <cac:DocumentReference>
                    <cbc:ID>KSNR3590373</cbc:ID><cbc:UUID schemeName="CUFE-SHA384">b7370ac72aaa1a8acff73a1944ff460db4d82e2a1b8377a7f07275f3c3bebeac845ebc9bcee49e3ffb97b4bf812bb3dd</cbc:UUID><cbc:DocumentTypeCode>01</cbc:DocumentTypeCode>
                </cac:DocumentReference>
                <cac:LineResponse>
                    <cac:LineReference>
                        <cbc:LineID>1</cbc:LineID>
                    </cac:LineReference>
                    <cac:Response>
                        <cbc:ResponseCode>0001</cbc:ResponseCode>
                        <cbc:Description>0</cbc:Description>
                    </cac:Response>
                </cac:LineResponse>
            </cac:DocumentResponse></ApplicationResponse>]]></cbc:Description></cac:ExternalReference></cac:Attachment><cac:ResultOfVerification><cbc:ValidatorID>Unidad Especial Dirección de Impuestos y Aduanas Nacionales</cbc:ValidatorID><cbc:ValidationResultCode>02</cbc:ValidationResultCode><cbc:ValidationDate>2021-07-23</cbc:ValidationDate><cbc:ValidationTime>17:04:27-05:00</cbc:ValidationTime></cac:ResultOfVerification></cac:DocumentReference></cac:ParentDocumentLineReference></AttachedDocument>